schedule_date,season,week,week_label,home_team,score_home,score_away,away_team,team_favorite_id,spread_favorite,home_line,over_under_line,weather_temperature,weather_wind_mph,weather_humidity,stadium,stadium_neutral,point_diff,home_win
2024-09-05,2024,1,Week 1,KC,27,20,BAL,KC,-3.0,-3.0,47,,,,GEHA Field at Arrowhead Stadium,False,7,1.0
2024-09-06,2024,1,Week 1,PHI,34,29,GB,PHI,-2.0,-2.0,49.5,,,,Corinthians Arena,True,5,1.0
2024-09-08,2024,1,Week 1,ATL,10,18,PIT,ATL,-3.5,-3.5,42,72.0,0.0,,Mercedes-Benz Stadium,False,-8,0.0
2024-09-08,2024,1,Week 1,BUF,34,28,ARI,BUF,-6.5,-6.5,46.5,,,,Highmark Stadium,False,6,1.0
2024-09-08,2024,1,Week 1,CHI,24,17,TEN,CHI,-4.0,-4.0,44.5,,,,Soldier Field,False,7,1.0
2024-09-08,2024,1,Week 1,CIN,10,16,NE,CIN,-8.0,-8.0,41,,,,Paycor Stadium,False,-6,0.0
2024-09-08,2024,1,Week 1,CLE,17,33,DAL,CLE,-2.5,-2.5,41,,,,FirstEnergy Stadium,False,-16,0.0
2024-09-08,2024,1,Week 1,DET,26,20,LA,DET,-4.5,-4.5,52.5,72.0,0.0,,Ford Field,False,6,1.0
2024-09-08,2024,1,Week 1,IND,27,29,HOU,HOU,-3.0,3.0,48.5,72.0,0.0,,Lucas Oil Stadium,False,-2,0.0
2024-09-08,2024,1,Week 1,LAC,22,10,LV,LAC,-3.0,-3.0,40,72.0,0.0,,SoFi Stadium,False,12,1.0
2024-09-08,2024,1,Week 1,MIA,20,17,JAX,MIA,-3.5,-3.5,49,,,,Hard Rock Stadium,False,3,1.0
2024-09-08,2024,1,Week 1,NO,47,10,CAR,NO,-4.0,-4.0,41.5,72.0,0.0,,Caesars Superdome,False,37,1.0
2024-09-08,2024,1,Week 1,NYG,6,28,MIN,MIN,-1.5,1.5,41,,,,MetLife Stadium,False,-22,0.0
2024-09-08,2024,1,Week 1,SEA,26,20,DEN,SEA,-6.0,-6.0,42,,,,Lumen Field,False,6,1.0
2024-09-08,2024,1,Week 1,TB,37,20,WAS,TB,-3.5,-3.5,42.5,,,,Raymond James Stadium,False,17,1.0
2024-09-09,2024,1,Week 1,SF,32,19,NYJ,SF,-3.5,-3.5,43.5,,,,Levi's Stadium,False,13,1.0
2024-09-12,2024,2,Week 2,MIA,10,31,BUF,MIA,-2.5,-2.5,48.5,,,,Hard Rock Stadium,False,-21,0.0
2024-09-15,2024,2,Week 2,ARI,41,10,LA,ARI,-1.0,-1.0,47.5,72.0,0.0,,State Farm Stadium,False,31,1.0
2024-09-15,2024,2,Week 2,BAL,23,26,LV,BAL,-8.5,-8.5,41.5,,,,M&T Bank Stadium,False,-3,0.0
2024-09-15,2024,2,Week 2,CAR,3,26,LAC,LAC,-4.5,4.5,38.5,,,,Bank of America Stadium,False,-23,0.0
2024-09-15,2024,2,Week 2,DAL,19,44,NO,DAL,-6.5,-6.5,47,72.0,0.0,,AT&T Stadium,False,-25,0.0
2024-09-15,2024,2,Week 2,DEN,6,13,PIT,PIT,-2.5,2.5,36.5,,,,Empower Field at Mile High,False,-7,0.0
2024-09-15,2024,2,Week 2,DET,16,20,TB,DET,-7.5,-7.5,51.5,72.0,0.0,,Ford Field,False,-4,0.0
2024-09-15,2024,2,Week 2,GB,16,10,IND,IND,-2.5,2.5,41.5,,,,Lambeau Field,False,6,1.0
2024-09-15,2024,2,Week 2,HOU,19,13,CHI,HOU,-6.0,-6.0,45.5,72.0,0.0,,NRG Stadium,False,6,1.0
2024-09-15,2024,2,Week 2,JAX,13,18,CLE,JAX,-3.0,-3.0,41.5,,,,TIAA Bank Field,False,-5,0.0
2024-09-15,2024,2,Week 2,KC,26,25,CIN,KC,-6.5,-6.5,47.5,,,,GEHA Field at Arrowhead Stadium,False,1,1.0
2024-09-15,2024,2,Week 2,MIN,23,17,SF,SF,-4.5,4.5,46.5,72.0,0.0,,U.S. Bank Stadium,False,6,1.0
2024-09-15,2024,2,Week 2,NE,20,23,SEA,SEA,-3.0,3.0,38.5,,,,Gillette Stadium,False,-3,0.0
2024-09-15,2024,2,Week 2,TEN,17,24,NYJ,NYJ,-4.0,4.0,41.5,,,,Nissan Stadium,False,-7,0.0
2024-09-15,2024,2,Week 2,WAS,21,18,NYG,WAS,-1.5,-1.5,42.5,,,,FedEx Field,False,3,1.0
2024-09-16,2024,2,Week 2,PHI,21,22,ATL,PHI,-5.5,-5.5,46.5,,,,Lincoln Financial Field,False,-1,0.0
2024-09-19,2024,3,Week 3,NYJ,24,3,NE,NJY,-6.0,,39,,,,MetLife Stadium,False,21,1.0
2024-09-22,2024,3,Week 3,ARI,13,20,DET,DET,-3.0,3.0,51.5,72.0,0.0,,State Farm Stadium,False,-7,0.0
2024-09-22,2024,3,Week 3,ATL,17,22,KC,KC,-3.5,3.5,46.5,72.0,0.0,,Mercedes-Benz Stadium,False,-5,0.0
2024-09-22,2024,3,Week 3,CLE,15,21,NYG,CLE,-6.5,-6.5,38,,,,FirstEnergy Stadium,False,-6,0.0
2024-09-22,2024,3,Week 3,DAL,25,28,BAL,BAL,-1.5,1.5,47.5,72.0,0.0,,AT&T Stadium,False,-3,0.0
2024-09-22,2024,3,Week 3,IND,21,16,CHI,IND,-1.5,-1.5,43.5,72.0,0.0,,Lucas Oil Stadium,False,5,1.0
2024-09-22,2024,3,Week 3,LA,27,24,SF,SF,-6.0,6.0,44.5,72.0,0.0,,SoFi Stadium,False,3,1.0
2024-09-22,2024,3,Week 3,LV,22,36,CAR,LVR,-5.5,,40,72.0,0.0,,Allegiant Stadium,False,-14,0.0
2024-09-22,2024,3,Week 3,MIN,34,7,HOU,HOU,-2.0,2.0,46.5,72.0,0.0,,U.S. Bank Stadium,False,27,1.0
2024-09-22,2024,3,Week 3,NO,12,15,PHI,NO,-2.5,-2.5,49.5,72.0,0.0,,Caesars Superdome,False,-3,0.0
2024-09-22,2024,3,Week 3,PIT,20,10,LAC,PIT,-2.5,-2.5,35.5,,,,Acrisure Stadium,False,10,1.0
2024-09-22,2024,3,Week 3,SEA,24,3,MIA,SEA,-4.0,-4.0,41.5,,,,Lumen Field,False,21,1.0
2024-09-22,2024,3,Week 3,TB,7,26,DEN,TB,-6.0,-6.0,40.5,,,,Raymond James Stadium,False,-19,0.0
2024-09-22,2024,3,Week 3,TEN,14,30,GB,TEN,-3.0,-3.0,37,,,,Nissan Stadium,False,-16,0.0
2024-09-23,2024,3,Week 3,BUF,47,10,JAX,BUF,-4.0,-4.0,46.5,,,,Highmark Stadium,False,37,1.0
2024-09-23,2024,3,Week 3,CIN,33,38,WAS,CIN,-7.5,-7.5,46,,,,Paycor Stadium,False,-5,0.0
2024-09-26,2024,4,Week 4,NYG,15,20,DAL,DAL,-5.0,5.0,44.5,,,,MetLife Stadium,False,-5,0.0
2024-09-29,2024,4,Week 4,ARI,14,42,WAS,ARI,-3.5,-3.5,48.5,72.0,0.0,,State Farm Stadium,False,-28,0.0
2024-09-29,2024,4,Week 4,ATL,26,24,NO,ATL,-2.5,-2.5,42.5,72.0,0.0,,Mercedes-Benz Stadium,False,2,1.0
2024-09-29,2024,4,Week 4,BAL,35,10,BUF,BAL,-2.5,-2.5,47.5,,,,M&T Bank Stadium,False,25,1.0
2024-09-29,2024,4,Week 4,CAR,24,34,CIN,CIN,-4.5,4.5,47,,,,Bank of America Stadium,False,-10,0.0
2024-09-29,2024,4,Week 4,CHI,24,18,LA,CHI,-3.0,-3.0,40.5,,,,Soldier Field,False,6,1.0
2024-09-29,2024,4,Week 4,GB,29,31,MIN,GB,-2.5,-2.5,44.5,,,,Lambeau Field,False,-2,0.0
2024-09-29,2024,4,Week 4,HOU,24,20,JAX,HOU,-5.5,-5.5,44.5,72.0,0.0,,NRG Stadium,False,4,1.0
2024-09-29,2024,4,Week 4,IND,27,24,PIT,PIT,-2.5,2.5,40.5,72.0,0.0,,Lucas Oil Stadium,False,3,1.0
2024-09-29,2024,4,Week 4,LAC,10,17,KC,KC,-7.0,7.0,41.5,72.0,0.0,,SoFi Stadium,False,-7,0.0
2024-09-29,2024,4,Week 4,LV,20,16,CLE,CLE,-2.5,2.5,37,72.0,0.0,,Allegiant Stadium,False,4,1.0
2024-09-29,2024,4,Week 4,NYJ,9,10,DEN,NYJ,-8.0,-8.0,39.5,,,,MetLife Stadium,False,-1,0.0
2024-09-29,2024,4,Week 4,SF,30,13,NE,SF,-10.5,-10.5,41.5,,,,Levi's Stadium,False,17,1.0
2024-09-29,2024,4,Week 4,TB,33,16,PHI,PHI,-1.0,1.0,42.5,,,,Raymond James Stadium,False,17,1.0
2024-09-30,2024,4,Week 4,DET,42,29,SEA,DET,-4.0,-4.0,47,72.0,0.0,,Ford Field,False,13,1.0
2024-09-30,2024,4,Week 4,MIA,12,31,TEN,MIA,-2.5,-2.5,38,,,,Hard Rock Stadium,False,-19,0.0
2024-10-03,2024,5,Week 5,ATL,36,30,TB,ATL,-2.5,-2.5,44,72.0,0.0,,Mercedes-Benz Stadium,False,6,1.0
2024-10-06,2024,5,Week 5,CHI,36,10,CAR,CHI,-4.0,-4.0,40.5,,,,Soldier Field,False,26,1.0
2024-10-06,2024,5,Week 5,CIN,38,41,BAL,BAL,-2.5,2.5,48,,,,Paycor Stadium,False,-3,0.0
2024-10-06,2024,5,Week 5,DEN,34,18,LV,DEN,-3.0,-3.0,36,,,,Empower Field at Mile High,False,16,1.0
2024-10-06,2024,5,Week 5,HOU,23,20,BUF,HOU,-1.0,-1.0,47.5,72.0,0.0,,NRG Stadium,False,3,1.0
2024-10-06,2024,5,Week 5,JAX,37,34,IND,JAX,-3.5,-3.5,45,,,,TIAA Bank Field,False,3,1.0
2024-10-06,2024,5,Week 5,LA,19,24,GB,GB,-3.0,3.0,49.5,72.0,0.0,,SoFi Stadium,False,-5,0.0
2024-10-06,2024,5,Week 5,MIN,23,17,NYJ,MIN,-2.5,-2.5,42,,,,Tottenham Hotspur Stadium,True,6,1.0
2024-10-06,2024,5,Week 5,NE,10,15,MIA,MIA,-2.0,2.0,37,,,,Gillette Stadium,False,-5,0.0
2024-10-06,2024,5,Week 5,PIT,17,20,DAL,PIT,-2.5,-2.5,44,,,,Acrisure Stadium,False,-3,0.0
2024-10-06,2024,5,Week 5,SEA,20,29,NYG,SEA,-7.0,-7.0,42.5,,,,Lumen Field,False,-9,0.0
2024-10-06,2024,5,Week 5,SF,23,24,ARI,SF,-7.0,-7.0,49,,,,Levi's Stadium,False,-1,0.0
2024-10-06,2024,5,Week 5,WAS,34,13,CLE,WAS,-3.0,-3.0,44,,,,FedEx Field,False,21,1.0
2024-10-07,2024,5,Week 5,KC,26,13,NO,KC,-5.5,-5.5,43,,,,GEHA Field at Arrowhead Stadium,False,13,1.0
2024-10-10,2024,6,Week 6,SEA,24,36,SF,SF,-3.5,3.5,48.5,,,,Lumen Field,False,-12,0.0
2024-10-13,2024,6,Week 6,BAL,30,23,WAS,BAL,-7.0,-7.0,51,,,,M&T Bank Stadium,False,7,1.0
2024-10-13,2024,6,Week 6,CAR,20,38,ATL,ATL,-6.0,6.0,46,,,,Bank of America Stadium,False,-18,0.0
2024-10-13,2024,6,Week 6,CHI,35,16,JAX,JAX,-1.5,1.5,44.5,,,,Tottenham Hotspur Stadium,True,19,1.0
2024-10-13,2024,6,Week 6,DAL,9,47,DET,DET,-3.5,3.5,53.5,72.0,0.0,,AT&T Stadium,False,-38,0.0
2024-10-13,2024,6,Week 6,DEN,16,23,LAC,LAC,-3.0,3.0,36.5,,,,Empower Field at Mile High,False,-7,0.0
2024-10-13,2024,6,Week 6,GB,34,13,ARI,GB,-5.5,-5.5,47,,,,Lambeau Field,False,21,1.0
2024-10-13,2024,6,Week 6,LV,13,32,PIT,PIT,-3.0,3.0,36.5,72.0,0.0,,Allegiant Stadium,False,-19,0.0
2024-10-13,2024,6,Week 6,NE,21,41,HOU,HOU,-6.5,6.5,38,,,,Gillette Stadium,False,-20,0.0
2024-10-13,2024,6,Week 6,NO,27,51,TB,TB,-3.5,3.5,42.5,72.0,0.0,,Caesars Superdome,False,-24,0.0
2024-10-13,2024,6,Week 6,NYG,7,17,CIN,CIN,-4.0,4.0,46.5,,,,MetLife Stadium,False,-10,0.0
2024-10-13,2024,6,Week 6,PHI,20,16,CLE,PHI,-8.5,-8.5,42,,,,Lincoln Financial Field,False,4,1.0
2024-10-13,2024,6,Week 6,TEN,17,20,IND,TEN,-2.5,-2.5,42.5,,,,Nissan Stadium,False,-3,0.0
2024-10-14,2024,6,Week 6,NYJ,20,23,BUF,BUF,-1.0,1.0,41,,,,MetLife Stadium,False,-3,0.0
2024-10-17,2024,7,Week 7,NO,10,33,DEN,DEN,-3.0,3.0,37,72.0,0.0,,Caesars Superdome,False,-23,0.0
2024-10-20,2024,7,Week 7,ATL,14,34,SEA,ATL,-3.0,-3.0,51.5,72.0,0.0,,Mercedes-Benz Stadium,False,-20,0.0
2024-10-20,2024,7,Week 7,BUF,34,10,TEN,BUF,-9.5,-9.5,41,,,,Highmark Stadium,False,24,1.0
2024-10-20,2024,7,Week 7,CLE,14,21,CIN,CIN,-5.5,5.5,41.5,,,,FirstEnergy Stadium,False,-7,0.0
2024-10-20,2024,7,Week 7,GB,24,22,HOU,GB,-3.0,-3.0,48,,,,Lambeau Field,False,2,1.0
2024-10-20,2024,7,Week 7,IND,16,10,MIA,IND,-3.0,-3.0,44,72.0,0.0,,Lucas Oil Stadium,False,6,1.0
2024-10-20,2024,7,Week 7,JAX,32,16,NE,JAX,-7.0,-7.0,42.5,,,,Wembley Stadium,True,16,1.0
2024-10-20,2024,7,Week 7,LA,20,15,LV,LAR,-7.0,,43.5,72.0,0.0,,SoFi Stadium,False,5,1.0
2024-10-20,2024,7,Week 7,MIN,29,31,DET,MIN,-1.0,-1.0,50.5,72.0,0.0,,U.S. Bank Stadium,False,-2,0.0
2024-10-20,2024,7,Week 7,NYG,3,28,PHI,PHI,-3.0,3.0,42,,,,MetLife Stadium,False,-25,0.0
2024-10-20,2024,7,Week 7,PIT,37,15,NYJ,NYJ,-2.5,2.5,40.5,,,,Acrisure Stadium,False,22,1.0
2024-10-20,2024,7,Week 7,SF,18,28,KC,SF,-2.5,-2.5,48,,,,Levi's Stadium,False,-10,0.0
2024-10-20,2024,7,Week 7,WAS,40,7,CAR,WAS,-10.0,-10.0,51,,,,FedEx Field,False,33,1.0
2024-10-21,2024,7,Week 7,ARI,17,15,LAC,LAC,-1.0,1.0,44.5,72.0,0.0,,State Farm Stadium,False,2,1.0
2024-10-21,2024,7,Week 7,TB,31,41,BAL,BAL,-4.0,4.0,51,,,,Raymond James Stadium,False,-10,0.0
2024-10-24,2024,8,Week 8,LA,30,20,MIN,MIN,-3.0,3.0,47,72.0,0.0,,SoFi Stadium,False,10,1.0
2024-10-27,2024,8,Week 8,CIN,17,37,PHI,CIN,-2.5,-2.5,47.5,,,,Paycor Stadium,False,-20,0.0
2024-10-27,2024,8,Week 8,CLE,29,24,BAL,BAL,-7.5,7.5,44.5,,,,FirstEnergy Stadium,False,5,1.0
2024-10-27,2024,8,Week 8,DEN,28,14,CAR,DEN,-13.0,-13.0,40.5,,,,Empower Field at Mile High,False,14,1.0
2024-10-27,2024,8,Week 8,DET,52,14,TEN,DET,-12.0,-12.0,45,72.0,0.0,,Ford Field,False,38,1.0
2024-10-27,2024,8,Week 8,HOU,23,20,IND,HOU,-4.5,-4.5,45,72.0,0.0,,NRG Stadium,False,3,1.0
2024-10-27,2024,8,Week 8,JAX,27,30,GB,GB,-3.5,3.5,49,,,,TIAA Bank Field,False,-3,0.0
2024-10-27,2024,8,Week 8,LAC,26,8,NO,LAC,-7.0,-7.0,41.5,72.0,0.0,,SoFi Stadium,False,18,1.0
2024-10-27,2024,8,Week 8,LV,20,27,KC,KC,-8.5,8.5,43,72.0,0.0,,Allegiant Stadium,False,-7,0.0
2024-10-27,2024,8,Week 8,MIA,27,28,ARI,MIA,-4.0,-4.0,46.5,,,,Hard Rock Stadium,False,-1,0.0
2024-10-27,2024,8,Week 8,NE,25,22,NYJ,NYJ,-7.0,7.0,41,,,,Gillette Stadium,False,3,1.0
2024-10-27,2024,8,Week 8,SEA,10,31,BUF,BUF,-3.0,3.0,45,,,,Lumen Field,False,-21,0.0
2024-10-27,2024,8,Week 8,SF,30,24,DAL,SF,-5.5,-5.5,47.5,,,,Levi's Stadium,False,6,1.0
2024-10-27,2024,8,Week 8,TB,26,31,ATL,ATL,-1.5,1.5,46.5,,,,Raymond James Stadium,False,-5,0.0
2024-10-27,2024,8,Week 8,WAS,18,15,CHI,WAS,-1.5,-1.5,46.5,,,,FedEx Field,False,3,1.0
2024-10-28,2024,8,Week 8,PIT,26,18,NYG,PIT,-6.0,-6.0,37.5,,,,Acrisure Stadium,False,8,1.0
2024-10-31,2024,9,Week 9,NYJ,21,13,HOU,NYJ,-2.5,-2.5,43,,,,MetLife Stadium,False,8,1.0
2024-11-03,2024,9,Week 9,ARI,29,9,CHI,ARI,-1.5,-1.5,44.5,72.0,0.0,,State Farm Stadium,False,20,1.0
2024-11-03,2024,9,Week 9,ATL,27,21,DAL,ATL,-3.0,-3.0,52,72.0,0.0,,Mercedes-Benz Stadium,False,6,1.0
2024-11-03,2024,9,Week 9,BAL,41,10,DEN,BAL,-9.0,-9.0,46.5,,,,M&T Bank Stadium,False,31,1.0
2024-11-03,2024,9,Week 9,BUF,30,27,MIA,BUF,-6.0,-6.0,49,,,,Highmark Stadium,False,3,1.0
2024-11-03,2024,9,Week 9,CAR,23,22,NO,NO,-7.0,7.0,43.5,,,,Bank of America Stadium,False,1,1.0
2024-11-03,2024,9,Week 9,CIN,41,24,LV,CIN,-7.5,-7.5,45,,,,Paycor Stadium,False,17,1.0
2024-11-03,2024,9,Week 9,CLE,10,27,LAC,LAC,-2.0,2.0,42.5,,,,FirstEnergy Stadium,False,-17,0.0
2024-11-03,2024,9,Week 9,GB,14,24,DET,DET,-2.5,2.5,48.5,,,,Lambeau Field,False,-10,0.0
2024-11-03,2024,9,Week 9,MIN,21,13,IND,MIN,-6.0,-6.0,47,72.0,0.0,,U.S. Bank Stadium,False,8,1.0
2024-11-03,2024,9,Week 9,NYG,22,27,WAS,WAS,-4.0,4.0,44,,,,MetLife Stadium,False,-5,0.0
2024-11-03,2024,9,Week 9,PHI,28,23,JAX,PHI,-7.5,-7.5,46,,,,Lincoln Financial Field,False,5,1.0
2024-11-03,2024,9,Week 9,SEA,20,26,LA,LAR,-1.5,,48.5,,,,Lumen Field,False,-6,0.0
2024-11-03,2024,9,Week 9,TEN,20,17,NE,TEN,-3.5,-3.5,38,,,,Nissan Stadium,False,3,1.0
2024-11-04,2024,9,Week 9,KC,30,24,TB,KC,-9.0,-9.0,45.5,,,,GEHA Field at Arrowhead Stadium,False,6,1.0
2024-11-07,2024,10,Week 10,BAL,35,34,CIN,BAL,-6.0,-6.0,52.5,,,,M&T Bank Stadium,False,1,1.0
2024-11-10,2024,10,Week 10,ARI,31,6,NYJ,NYJ,-2.0,2.0,46,72.0,0.0,,State Farm Stadium,False,25,1.0
2024-11-10,2024,10,Week 10,CAR,20,17,NYG,NYG,-6.5,6.5,40.5,,,,Allianz Arena,True,3,1.0
2024-11-10,2024,10,Week 10,CHI,3,19,NE,CHI,-6.0,-6.0,37.5,,,,Soldier Field,False,-16,0.0
2024-11-10,2024,10,Week 10,DAL,6,34,PHI,PHI,-7.0,7.0,44.5,72.0,0.0,,AT&T Stadium,False,-28,0.0
2024-11-10,2024,10,Week 10,HOU,23,26,DET,DET,-4.0,4.0,49,72.0,0.0,,NRG Stadium,False,-3,0.0
2024-11-10,2024,10,Week 10,IND,20,30,BUF,BUF,-4.5,4.5,47,72.0,0.0,,Lucas Oil Stadium,False,-10,0.0
2024-11-10,2024,10,Week 10,JAX,7,12,MIN,MIN,-7.0,7.0,42.5,,,,TIAA Bank Field,False,-5,0.0
2024-11-10,2024,10,Week 10,KC,16,14,DEN,KC,-7.0,-7.0,42.5,,,,GEHA Field at Arrowhead Stadium,False,2,1.0
2024-11-10,2024,10,Week 10,LAC,27,17,TEN,LAC,-8.0,-8.0,40,72.0,0.0,,SoFi Stadium,False,10,1.0
2024-11-10,2024,10,Week 10,NO,20,17,ATL,ATL,-3.5,3.5,47.5,72.0,0.0,,Caesars Superdome,False,3,1.0
2024-11-10,2024,10,Week 10,TB,20,23,SF,SF,-6.5,6.5,50,,,,Raymond James Stadium,False,-3,0.0
2024-11-10,2024,10,Week 10,WAS,27,28,PIT,WAS,-2.0,-2.0,45,,,,FedEx Field,False,-1,0.0
2024-11-11,2024,10,Week 10,LA,15,23,MIA,LAR,-2.0,,49.5,72.0,0.0,,SoFi Stadium,False,-8,0.0
2024-11-14,2024,11,Week 11,PHI,26,18,WAS,PHI,-4.0,-4.0,49.5,,,,Lincoln Financial Field,False,8,1.0
2024-11-17,2024,11,Week 11,BUF,30,21,KC,BUF,-2.5,-2.5,47,,,,Highmark Stadium,False,9,1.0
2024-11-17,2024,11,Week 11,CHI,19,20,GB,GB,-6.0,6.0,41,,,,Soldier Field,False,-1,0.0
2024-11-17,2024,11,Week 11,DEN,38,6,ATL,DEN,-2.0,-2.0,44.5,,,,Empower Field at Mile High,False,32,1.0
2024-11-17,2024,11,Week 11,DET,52,6,JAX,DET,-13.5,-13.5,47.5,72.0,0.0,,Ford Field,False,46,1.0
2024-11-17,2024,11,Week 11,LAC,34,27,CIN,LAC,-1.0,-1.0,48,72.0,0.0,,SoFi Stadium,False,7,1.0
2024-11-17,2024,11,Week 11,MIA,34,19,LV,MIA,-7.5,-7.5,43.5,,,,Hard Rock Stadium,False,15,1.0
2024-11-17,2024,11,Week 11,NE,22,28,LA,LAR,-4.0,,43,,,,Gillette Stadium,False,-6,0.0
2024-11-17,2024,11,Week 11,NO,35,14,CLE,CLE,-1.0,1.0,44,72.0,0.0,,Caesars Superdome,False,21,1.0
2024-11-17,2024,11,Week 11,NYJ,27,28,IND,NYJ,-4.0,-4.0,43,,,,MetLife Stadium,False,-1,0.0
2024-11-17,2024,11,Week 11,PIT,18,16,BAL,BAL,-3.0,3.0,48,,,,Acrisure Stadium,False,2,1.0
2024-11-17,2024,11,Week 11,SF,17,20,SEA,SF,-6.0,-6.0,49,,,,Levi's Stadium,False,-3,0.0
2024-11-17,2024,11,Week 11,TEN,13,23,MIN,MIN,-6.0,6.0,40,,,,Nissan Stadium,False,-10,0.0
2024-11-18,2024,11,Week 11,DAL,10,34,HOU,HOU,-7.0,7.0,41.5,72.0,0.0,,AT&T Stadium,False,-24,0.0
2024-11-21,2024,12,Week 12,CLE,24,19,PIT,PIT,-3.5,3.5,36.5,36.0,13.0,88.0,FirstEnergy Stadium,False,5,1.0
2024-11-24,2024,12,Week 12,CAR,27,30,KC,KC,-10.5,10.5,43,,,,Bank of America Stadium,False,-3,0.0
2024-11-24,2024,12,Week 12,CHI,27,30,MIN,MIN,-3.0,3.0,39.5,,,,Soldier Field,False,-3,0.0
2024-11-24,2024,12,Week 12,GB,38,10,SF,GB,-6.0,-6.0,44.5,,,,Lambeau Field,False,28,1.0
2024-11-24,2024,12,Week 12,HOU,27,32,TEN,HOU,-8.0,-8.0,40.5,72.0,0.0,,NRG Stadium,False,-5,0.0
2024-11-24,2024,12,Week 12,IND,6,24,DET,DET,-7.0,7.0,50.5,72.0,0.0,,Lucas Oil Stadium,False,-18,0.0
2024-11-24,2024,12,Week 12,LA,20,37,PHI,PHI,-3.0,3.0,48.5,72.0,0.0,,SoFi Stadium,False,-17,0.0
2024-11-24,2024,12,Week 12,LV,19,29,DEN,DEN,-5.5,5.5,41.5,72.0,0.0,,Allegiant Stadium,False,-10,0.0
2024-11-24,2024,12,Week 12,MIA,34,15,NE,MIA,-7.5,-7.5,45.5,,,,Hard Rock Stadium,False,19,1.0
2024-11-24,2024,12,Week 12,NYG,7,30,TB,TB,-6.0,6.0,40,,,,MetLife Stadium,False,-23,0.0
2024-11-24,2024,12,Week 12,SEA,16,6,ARI,ARI,-1.0,1.0,46.5,,,,Lumen Field,False,10,1.0
2024-11-24,2024,12,Week 12,WAS,26,34,DAL,WAS,-10.5,-10.5,44.5,,,,FedEx Field,False,-8,0.0
2024-11-25,2024,12,Week 12,LAC,23,30,BAL,BAL,-3.0,3.0,51,72.0,0.0,,SoFi Stadium,False,-7,0.0
2024-11-28,2024,13,Week 13,DAL,27,20,NYG,DAL,-4.0,-4.0,38.5,72.0,0.0,,AT&T Stadium,False,7,1.0
2024-11-28,2024,13,Week 13,DET,23,20,CHI,DET,-10.0,-10.0,48,72.0,0.0,,Ford Field,False,3,1.0
2024-11-28,2024,13,Week 13,GB,30,17,MIA,GB,-3.5,-3.5,47.5,27.0,10.0,63.0,Lambeau Field,False,13,1.0
2024-11-29,2024,13,Week 13,KC,19,17,LV,KC,-13.5,-13.5,42,37.0,5.0,40.0,GEHA Field at Arrowhead Stadium,False,2,1.0
2024-12-01,2024,13,Week 13,ATL,13,17,LAC,LAC,-1.0,1.0,47,72.0,0.0,,Mercedes-Benz Stadium,False,-4,0.0
2024-12-01,2024,13,Week 13,BAL,19,24,PHI,BAL,-3.0,-3.0,50,41.0,7.0,41.0,M&T Bank Stadium,False,-5,0.0
2024-12-01,2024,13,Week 13,BUF,35,10,SF,BUF,-6.5,-6.5,45.5,28.0,11.0,79.0,Highmark Stadium,False,25,1.0
2024-12-01,2024,13,Week 13,CAR,23,26,TB,TB,-6.5,6.5,46,51.0,7.0,14.0,Bank of America Stadium,False,-3,0.0
2024-12-01,2024,13,Week 13,CIN,38,44,PIT,CIN,-3.0,-3.0,46,32.0,9.0,43.0,Paycor Stadium,False,-6,0.0
2024-12-01,2024,13,Week 13,JAX,20,23,HOU,HOU,-3.0,3.0,45,,,,TIAA Bank Field,False,-3,0.0
2024-12-01,2024,13,Week 13,MIN,23,22,ARI,MIN,-3.5,-3.5,45,72.0,0.0,,U.S. Bank Stadium,False,1,1.0
2024-12-01,2024,13,Week 13,NE,24,25,IND,IND,-2.5,2.5,41.5,36.0,9.0,49.0,Gillette Stadium,False,-1,0.0
2024-12-01,2024,13,Week 13,NO,14,21,LA,LAR,-2.5,,49,72.0,0.0,,Caesars Superdome,False,-7,0.0
2024-12-01,2024,13,Week 13,NYJ,21,26,SEA,NYJ,-1.5,-1.5,41.5,37.0,12.0,44.0,MetLife Stadium,False,-5,0.0
2024-12-01,2024,13,Week 13,WAS,42,19,TEN,WAS,-6.0,-6.0,45,41.0,6.0,40.0,FedEx Field,False,23,1.0
2024-12-02,2024,13,Week 13,DEN,41,32,CLE,DEN,-6.5,-6.5,41.5,48.0,4.0,39.0,Empower Field at Mile High,False,9,1.0
2024-12-05,2024,14,Week 14,DET,34,31,GB,DET,-3.5,-3.5,52.5,72.0,0.0,,Ford Field,False,3,1.0
2024-12-08,2024,14,Week 14,ARI,18,30,SEA,ARI,-3.0,-3.0,45.5,72.0,0.0,,State Farm Stadium,False,-12,0.0
2024-12-08,2024,14,Week 14,KC,19,17,LAC,KC,-4.5,-4.5,43,,,,GEHA Field at Arrowhead Stadium,False,2,1.0
2024-12-08,2024,14,Week 14,LA,44,42,BUF,BUF,-3.5,3.5,50.5,72.0,0.0,,SoFi Stadium,False,2,1.0
2024-12-08,2024,14,Week 14,MIA,32,26,NYJ,MIA,-6.5,-6.5,45,,,,Hard Rock Stadium,False,6,1.0
2024-12-08,2024,14,Week 14,MIN,42,21,ATL,MIN,-6.0,-6.0,46.5,72.0,0.0,,U.S. Bank Stadium,False,21,1.0
2024-12-08,2024,14,Week 14,NYG,11,14,NO,NO,-5.5,5.5,41,,,,MetLife Stadium,False,-3,0.0
2024-12-08,2024,14,Week 14,PHI,22,16,CAR,PHI,-14.0,-14.0,45,,,,Lincoln Financial Field,False,6,1.0
2024-12-08,2024,14,Week 14,PIT,27,14,CLE,PIT,-6.0,-6.0,43,,,,Acrisure Stadium,False,13,1.0
2024-12-08,2024,14,Week 14,SF,38,13,CHI,SF,-3.0,-3.0,43.5,,,,Levi's Stadium,False,25,1.0
2024-12-08,2024,14,Week 14,TB,28,13,LV,TB,-6.5,-6.5,47,,,,Raymond James Stadium,False,15,1.0
2024-12-08,2024,14,Week 14,TEN,6,10,JAX,TEN,-3.0,-3.0,40.5,,,,Nissan Stadium,False,-4,0.0
2024-12-09,2024,14,Week 14,DAL,20,27,CIN,CIN,-4.5,4.5,50.5,72.0,0.0,,AT&T Stadium,False,-7,0.0
2024-12-12,2024,15,Week 15,SF,6,12,LA,SF,-3.0,-3.0,48.5,,,,Levi's Stadium,False,-6,0.0
2024-12-15,2024,15,Week 15,ARI,30,17,NE,ARI,-6.0,-6.0,46.5,72.0,0.0,,State Farm Stadium,False,13,1.0
2024-12-15,2024,15,Week 15,CAR,14,30,DAL,CAR,-2.5,-2.5,42,,,,Bank of America Stadium,False,-16,0.0
2024-12-15,2024,15,Week 15,CLE,7,21,KC,KC,-4.0,4.0,41,,,,FirstEnergy Stadium,False,-14,0.0
2024-12-15,2024,15,Week 15,DEN,31,13,IND,DEN,-4.5,-4.5,44,,,,Empower Field at Mile High,False,18,1.0
2024-12-15,2024,15,Week 15,DET,42,48,BUF,DET,-2.0,-2.0,55.5,72.0,0.0,,Ford Field,False,-6,0.0
2024-12-15,2024,15,Week 15,HOU,20,12,MIA,HOU,-2.5,-2.5,46,72.0,0.0,,NRG Stadium,False,8,1.0
2024-12-15,2024,15,Week 15,JAX,25,32,NYJ,NYJ,-3.5,3.5,41.5,,,,TIAA Bank Field,False,-7,0.0
2024-12-15,2024,15,Week 15,LAC,17,40,TB,LAC,-3.0,-3.0,46,72.0,0.0,,SoFi Stadium,False,-23,0.0
2024-12-15,2024,15,Week 15,NO,19,20,WAS,WAS,-7.5,7.5,44.5,72.0,0.0,,Caesars Superdome,False,-1,0.0
2024-12-15,2024,15,Week 15,NYG,14,35,BAL,BAL,-17.0,17.0,43.5,,,,MetLife Stadium,False,-21,0.0
2024-12-15,2024,15,Week 15,PHI,27,13,PIT,PHI,-5.5,-5.5,43,,,,Lincoln Financial Field,False,14,1.0
2024-12-15,2024,15,Week 15,SEA,13,30,GB,GB,-3.0,3.0,48,,,,Lumen Field,False,-17,0.0
2024-12-15,2024,15,Week 15,TEN,27,37,CIN,CIN,-6.0,6.0,46,,,,Nissan Stadium,False,-10,0.0
2024-12-16,2024,15,Week 15,LV,9,15,ATL,ATL,-6.0,6.0,44.5,72.0,0.0,,Allegiant Stadium,False,-6,0.0
2024-12-16,2024,15,Week 15,MIN,30,12,CHI,MIN,-7.0,-7.0,43.5,72.0,0.0,,U.S. Bank Stadium,False,18,1.0
2024-12-19,2024,16,Week 16,LAC,34,27,DEN,LAC,-2.5,-2.5,41.5,72.0,0.0,,SoFi Stadium,False,7,1.0
2024-12-21,2024,16,Week 16,BAL,34,17,PIT,BAL,-7.0,-7.0,44,,,,M&T Bank Stadium,False,17,1.0
2024-12-21,2024,16,Week 16,KC,27,19,HOU,KC,-3.5,-3.5,42.5,,,,GEHA Field at Arrowhead Stadium,False,8,1.0
2024-12-22,2024,16,Week 16,ATL,34,7,NYG,ATL,-9.5,-9.5,43,72.0,0.0,,Mercedes-Benz Stadium,False,27,1.0
2024-12-22,2024,16,Week 16,BUF,24,21,NE,BUF,-14.0,-14.0,48,,,,Highmark Stadium,False,3,1.0
2024-12-22,2024,16,Week 16,CAR,36,30,ARI,ARI,-5.5,5.5,47,,,,Bank of America Stadium,False,6,1.0
2024-12-22,2024,16,Week 16,CHI,17,34,DET,DET,-7.0,7.0,47.5,,,,Soldier Field,False,-17,0.0
2024-12-22,2024,16,Week 16,CIN,24,6,CLE,CIN,-10.0,-10.0,46.5,,,,Paycor Stadium,False,18,1.0
2024-12-22,2024,16,Week 16,DAL,26,24,TB,TB,-4.5,4.5,47.5,72.0,0.0,,AT&T Stadium,False,2,1.0
2024-12-22,2024,16,Week 16,IND,38,30,TEN,IND,-4.0,-4.0,42.5,72.0,0.0,,Lucas Oil Stadium,False,8,1.0
2024-12-22,2024,16,Week 16,LV,19,14,JAX,LVR,-2.5,,41.5,72.0,0.0,,Allegiant Stadium,False,5,1.0
2024-12-22,2024,16,Week 16,MIA,29,17,SF,SF,-1.5,1.5,44,,,,Hard Rock Stadium,False,12,1.0
2024-12-22,2024,16,Week 16,NYJ,9,19,LA,LAR,-3.0,,47,,,,MetLife Stadium,False,-10,0.0
2024-12-22,2024,16,Week 16,SEA,24,27,MIN,MIN,-2.5,2.5,43,,,,Lumen Field,False,-3,0.0
2024-12-22,2024,16,Week 16,WAS,36,33,PHI,PHI,-4.0,4.0,47,,,,FedEx Field,False,3,1.0
2024-12-23,2024,16,Week 16,GB,34,0,NO,GB,-14.0,-14.0,43.5,,,,Lambeau Field,False,34,1.0
2024-12-25,2024,17,Week 17,HOU,2,31,BAL,BAL,-6.5,6.5,47,72.0,0.0,,NRG Stadium,False,-29,0.0
2024-12-25,2024,17,Week 17,PIT,10,29,KC,KC,-2.0,2.0,46,,,,Acrisure Stadium,False,-19,0.0
2024-12-26,2024,17,Week 17,CHI,3,6,SEA,SEA,-4.5,4.5,42,,,,Soldier Field,False,-3,0.0
2024-12-28,2024,17,Week 17,BUF,40,14,NYJ,BUF,-10.0,-10.0,44.5,,,,Paycor Stadium,False,26,1.0
2024-12-28,2024,17,Week 17,CIN,30,24,DEN,CIN,-3.0,-3.0,50.5,72.0,0.0,,SoFi Stadium,False,6,1.0
2024-12-28,2024,17,Week 17,LA,13,9,ARI,LAR,-6.5,,48,,,,Gillette Stadium,False,4,1.0
2024-12-28,2024,17,Week 17,NE,7,40,LAC,LAC,-6.0,6.0,42,,,,MetLife Stadium,False,-33,0.0
2024-12-29,2024,17,Week 17,CLE,3,20,MIA,MIA,-3.0,3.0,32.5,,,,FirstEnergy Stadium,False,-17,0.0
2024-12-29,2024,17,Week 17,JAX,20,13,TEN,JAX,-1.0,-1.0,38,,,,TIAA Bank Field,False,7,1.0
2024-12-29,2024,17,Week 17,MIN,27,25,GB,MIN,-1.0,-1.0,49,72.0,0.0,,U.S. Bank Stadium,False,2,1.0
2024-12-29,2024,17,Week 17,NO,10,25,LV,LVR,-1.5,,37.5,72.0,0.0,,Caesars Superdome,False,-15,0.0
2024-12-29,2024,17,Week 17,NYG,45,33,IND,IND,-7.5,7.5,40.5,,,,Highmark Stadium,False,12,1.0
2024-12-29,2024,17,Week 17,PHI,41,7,DAL,PHI,-7.5,-7.5,37.5,,,,Lincoln Financial Field,False,34,1.0
2024-12-29,2024,17,Week 17,TB,48,14,CAR,TB,-10.0,-10.0,47.5,,,,Raymond James Stadium,False,34,1.0
2024-12-29,2024,17,Week 17,WAS,30,24,ATL,WAS,-3.5,-3.5,46.5,,,,FedEx Field,False,6,1.0
2024-12-30,2024,17,Week 17,SF,34,40,DET,DET,-4.0,4.0,50,,,,Levi's Stadium,False,-6,0.0
2025-01-04,2024,18,Week 18,BAL,35,10,CLE,BAL,-20.0,-20.0,42,,,,M&T Bank Stadium,False,25,1.0
2025-01-05,2024,18,Week 18,ARI,47,24,SF,ARI,-5.0,-5.0,43,72.0,0.0,,State Farm Stadium,False,23,1.0
2025-01-05,2024,18,Week 18,ATL,38,44,CAR,ATL,-8.0,-8.0,49,72.0,0.0,,Mercedes-Benz Stadium,False,-6,0.0
2025-01-05,2024,18,Week 18,DAL,19,23,WAS,WAS,-7.0,7.0,43.5,72.0,0.0,,AT&T Stadium,False,-4,0.0
2025-01-05,2024,18,Week 18,DEN,38,0,KC,DEN,-11.0,-11.0,40.5,,,,Empower Field at Mile High,False,38,1.0
2025-01-05,2024,18,Week 18,DET,31,9,MIN,DET,-3.0,-3.0,56.5,72.0,0.0,,Ford Field,False,22,1.0
2025-01-05,2024,18,Week 18,GB,22,24,CHI,GB,-10.0,-10.0,41.5,,,,Lambeau Field,False,-2,0.0
2025-01-05,2024,18,Week 18,IND,26,23,JAX,IND,-3.5,-3.5,45.5,72.0,0.0,,Lucas Oil Stadium,False,3,1.0
2025-01-05,2024,18,Week 18,LA,25,30,SEA,SEA,-7.5,7.5,38.5,72.0,0.0,,SoFi Stadium,False,-5,0.0
2025-01-05,2024,18,Week 18,LV,20,34,LAC,LAC,-7.0,7.0,42,72.0,0.0,,Allegiant Stadium,False,-14,0.0
2025-01-05,2024,18,Week 18,NE,23,16,BUF,BUF,-3.5,3.5,36.5,,,,Gillette Stadium,False,7,1.0
2025-01-05,2024,18,Week 18,NYJ,32,20,MIA,NYJ,-2.0,-2.0,39.5,,,,MetLife Stadium,False,12,1.0
2025-01-05,2024,18,Week 18,PHI,20,13,NYG,PHI,-3.0,-3.0,36,,,,Lincoln Financial Field,False,7,1.0
2025-01-05,2024,18,Week 18,PIT,17,19,CIN,CIN,-2.5,2.5,48.5,,,,Acrisure Stadium,False,-2,0.0
2025-01-05,2024,18,Week 18,TB,27,19,NO,TB,-14.5,-14.5,44.5,,,,Raymond James Stadium,False,8,1.0
2025-01-05,2024,18,Week 18,TEN,14,23,HOU,TEN,-2.5,-2.5,36.5,,,,Nissan Stadium,False,-9,0.0
2025-01-11,2024,19,Wild Card,HOU,32,12,LAC,LAC,-2.5,2.5,42,72.0,0.0,,NRG Stadium,False,20,1.0
2025-01-12,2024,19,Wild Card,BAL,28,14,PIT,BAL,-9.0,-9.0,44.5,32.0,12.0,54.0,M&T Bank Stadium,False,14,1.0
2025-01-12,2024,19,Wild Card,BUF,31,7,DEN,BUF,-7.5,-7.5,49,32.0,10.0,76.0,Highmark Stadium,False,24,1.0
2025-01-12,2024,19,Wild Card,PHI,22,10,GB,PHI,-5.5,-5.5,46,40.0,6.0,47.0,Lincoln Financial Field,False,12,1.0
2025-01-12,2024,19,Wild Card,TB,20,23,WAS,TB,-3.0,-3.0,51.5,58.0,2.0,57.0,Raymond James Stadium,False,-3,0.0
2025-01-13,2024,19,Wild Card,LA,27,9,MIN,MIN,-2.5,2.5,48,72.0,0.0,,State Farm Stadium,True,18,1.0
2025-01-18,2024,20,Divisional,DET,31,45,WAS,DET,-8.0,-8.0,55,72.0,0.0,,Ford Field,False,-14,0.0
2025-01-18,2024,20,Divisional,KC,23,14,HOU,KC,-9.5,-9.5,41.5,23.0,17.0,43.0,GEHA Field at Arrowhead Stadium,False,9,1.0
2025-01-19,2024,20,Divisional,BUF,27,25,BAL,BAL,-1.5,1.5,52,19.0,4.0,84.0,Highmark Stadium,False,2,1.0
2025-01-19,2024,20,Divisional,PHI,28,22,LA,PHI,-7.0,-7.0,43.5,34.0,8.0,67.0,Lincoln Financial Field,False,6,1.0
2025-01-26,2024,21,Conference,KC,32,29,BUF,KC,-1.0,-1.0,49.5,31.0,8.0,45.0,GEHA Field at Arrowhead Stadium,False,3,1.0
2025-01-26,2024,21,Conference,PHI,55,23,WAS,PHI,-6.0,-6.0,47,40.0,11.0,45.0,Lincoln Financial Field,False,32,1.0
2025-02-09,2024,22,Super Bowl,PHI,40,22,KC,KC,-1.0,1.0,48.5,72.0,0.0,0.0,Caesars Superdome,True,18,1.0
